Knox,Patrick,PKnox539,Art-SR
Parrish,Shane,SParrish474,-
Kerr,Jerome,JKerr130,Jou-SR
Foley,Adriel,AFoley752,Avi-JR
Wagner,Seamus,SWagner837,Ele-SR
Hobbs,Ashton,AHobbs844,Urb-FR
Petty,Evie,EPetty205,-
Myers,Leandro,LMyers183,Cou-SR
Roberts,Julia,JRoberts830,Lib-FR
Brandt,Lukas,LBrandt112,Med-FR
Livingston,Alani,ALivingston006,-
Peterson,Jamiya,JPeterson639,Med-JR
Roy,Kirsten,KRoy825,Man-FR
Copeland,Johnny,JCopeland583,Int-FR
Wong,Amirah,AWong533,-
Kline,Luciano,LKline201,-
Joseph,Lance,LJoseph641,Bio-SR
Rangel,Paula,PRangel431,Neu-SR
Massey,Jamie,JMassey853,Mus-SR
Rubio,Karli,KRubio755,Exe-SR
Mcguire,Ellis,EMcguire534,Con-JR
Oliver,Madyson,MOliver668,Sec-FR
Fry,Serenity,SFry411,Ele-JR
Leon,Jaliyah,JLeon981,-
Guerrero,Parker,PGuerrero247,Pol-FR
Kemp,Milagros,MKemp897,Avi-SR
Garza,Aniya,AGarza601,Edu-FR
Roberts,Zoe,ZRoberts528,-
Chan,Ryder,RChan239,Com-SR
Norton,Antonio,ANorton172,Mus-SR
Kim,Jazlene,JKim224,Com-JR
Cox,America,ACox781,Avi-SR
Rogers,Colby,CRogers208,Soc-SR
Conrad,Stella,SConrad746,-
Mccullough,Micheal,MMccullough223,Hea-SR
Hardy,Kolby,KHardy119,Mus-JR
Tapia,Sophia,STapia838,Che-FR
Jacobson,Addison,AJacobson891,Con-JR
Terrell,Aimee,ATerrell390,Eme-FR
Cannon,Abagail,ACannon376,Avi-FR
Conrad,Donald,DConrad782,Man-JR
Medina,Tiana,TMedina667,Edu-JR
Vasquez,Edwin,EVasquez466,-
Mcclain,Sofia,SMcclain732,Pub-SR
Nash,Braylon,BNash498,Inf-FR
Buchanan,Chaya,CBuchanan425,For-SR
Juarez,Charlize,CJuarez304,Rel-SR
Yu,Xzavier,XYu036,-
Kent,Timothy,TKent916,Jou-FR
Jones,Bailee,BJones121,Bio-SR
Hoover,Elizabeth,EHoover898,Eng-FR
Ramos,Jaida,JRamos123,Avi-SR
Livingston,Perla,PLivingston240,Con-SR
Simpson,Shayna,SSimpson529,-
Dawson,Jan,JDawson556,Wri-JR
Huffman,Aryana,AHuffman629,-
Fernandez,Hillary,HFernandez684,Wom-JR
Barnes,Hillary,HBarnes360,Com-FR
Parks,Kayla,KParks990,Eco-SR
Murphy,Todd,TMurphy455,Sch-FR
Kelley,Melissa,MKelley398,Arc-SR
Gross,Abbigail,AGross563,-
Benton,Alina,ABenton825,-
Klein,Jadon,JKlein317,-
Love,Saul,SLove880,-
Galvan,Ingrid,IGalvan204,Neu-FR
Logan,Zachery,ZLogan143,Kin-FR
Singleton,Rubi,RSingleton219,-
Esparza,Emiliano,EEsparza346,Man-JR
Salazar,Sierra,SSalazar642,Cou-FR
Blair,Ashlyn,ABlair906,Acc-SR
Barrera,Destiney,DBarrera582,Com-JR
Good,Armani,AGood042,Bio-FR
Mcneil,Maximus,MMcneil765,Cre-JR
Peters,Jalen,JPeters543,Ath-JR
Preston,Chana,CPreston732,Inf-SR
Simmons,Asia,ASimmons665,Mus-FR
Mccarty,Ronan,RMccarty097,-
Mitchell,Adrianna,AMitchell124,Arc-FR
Evans,Molly,MEvans887,His-SR
Mcclure,Lilah,LMcclure119,Sch-SR
Riddle,Lola,LRiddle430,Psy-JR
Novak,Khloe,KNovak114,Soc-JR
Harding,Elyse,EHarding535,Lit-SR
Clark,Aditya,AClark822,Mat-FR
Patterson,Alvin,APatterson967,Edu-SR
Benson,Deegan,DBenson951,For-FR
Mcbride,Aaron,AMcbride611,Eng-SR
West,Lilyana,LWest516,-
Liu,Connor,CLiu936,-
Camacho,Asher,ACamacho735,-
Hancock,Myles,MHancock239,-
Cook,Asher,ACook286,-
Tanner,Cale,CTanner834,-
Hester,Trent,THester168,-
Romero,Cristofer,CRomero870,-
Caldwell,Maren,MCaldwell745,-
Long,Matthew,MLong733,Civ-FR
Booker,Remington,RBooker222,The-JR
